Model,Train_Acc,Val_Acc,Test_Acc,Test_Precision_Macro,Test_Recall_Macro,Test_F1_Macro,Test_F1_Weighted,Test_Balanced_Acc,Training_Time
XGBoost,1.0,0.9999924849511146,0.9999625250145527,0.9898654687613715,0.9999798778535482,0.9948206159986701,0.9999626034010539,0.9999798778535482,4.536857604980469
Random Forest,0.9999461538461538,0.9999724448207535,0.9999425383556476,0.986596274107468,0.999968983446989,0.9931047626115093,0.9999426803002551,0.999968983446989,6.477650880813599
GRU+Attention,0.9977230769230769,0.9966507932134099,0.996647237968656,0.9780048331742516,0.9949504404620428,0.9862043071370326,0.9966496872914498,0.9949504404620428,394.6852295398712
CNN+ANN,0.9985076923076923,0.9977955856602847,0.9977939725233407,0.9849665338213394,0.9990331911755794,0.9918196004802698,0.9977949867911662,0.9990331911755794,332.3728506565094
