Model,Macro_AUC,Micro_AUC
XGBoost,0.9999999589798276,0.9999999567868755
Random Forest,0.9999996838879168,0.9999997530006873
GRU+Attention,0.9999540525482749,0.9999608633918926
CNN+ANN,0.9999629341120374,0.9999719335676508
