Class,XGBoost,Random Forest,GRU+Attention,CNN+ANN
DDoS,0.9999767471848239,0.9999682913475543,0.997205242025193,0.9981388514235987
DoS,0.9999699994999917,0.9999533320888557,0.9955793801832681,0.9971537443557021
Normal,0.9795918367346939,0.972972972972973,0.953020134228188,0.972972972972973
Reconnaissance,0.999743880575171,0.9995244540366536,0.9990124721114809,0.9990128331688055
Average (Macro),0.9948206159986701,0.9931047626115093,0.9862043071370326,0.9918196004802698
